INSERT INTO `authority`(`name`, `id`) VALUES ('ROLE_ADMIN', 1);
INSERT INTO `authority`(`name`, `id`) VALUES ('ROLE_USER', 2);
INSERT INTO `user` (`id`, `username`, `password`, `createdAt`) VALUES (1,'ironman','$2a$10$ErJZsL9/jaaHNdlXmoSm7uEAhfzZIKehXFNnytcP0NNI.L0KwXHNu','2015-11-15 22:14:54');
INSERT INTO `user` (`id`, `username`, `password`, `createdAt`) VALUES (2,'rabi','$2y$12$Ue1cKCKTjMFYZFPkzo2E7uD5qoj.Yr7y5b445f3RHcC.6JiV/j8eu','2015-10-15 22:14:54');
INSERT INTO `user_bid_balance` (`user_id`, `bidbalance`) VALUES (1, 100);
INSERT INTO `user_bid_balance` (`user_id`, `bidbalance`) VALUES (2, 100);
INSERT INTO `user_authority`(`authority_id`, `user_id`) VALUES (1, 1);
INSERT INTO `user_authority`(`authority_id`, `user_id`) VALUES (2, 2);
INSERT INTO `item`(`name`, `createdAt`) VALUES ('name2', '2017-10-15 22:14:54');
INSERT INTO `item`(`name`, `createdAt`) VALUES ('name1', '2019-10-15 22:14:54');
INSERT INTO `item`(`name`, `createdAt`) VALUES ('name3', '2020-10-15 22:14:54');
INSERT INTO `item`(`name`, `createdAt`) VALUES ('name4', '2020-10-15 22:14:54');
INSERT INTO `item`(`name`, `createdAt`) VALUES ('name5', '2020-10-15 22:14:54');
INSERT INTO `item`(`name`, `createdAt`) VALUES ('name6', '2020-10-15 22:14:54');
INSERT INTO `auction`(`item_id`, `user_id`, `finishesAt`) VALUES (1, 1, '2019-10-15 22:14:54');
INSERT INTO `auction`(`item_id`, `user_id`, `finishesAt`) VALUES (2, 1, '2020-10-15 22:14:54');
INSERT INTO `auction`(`item_id`, `user_id`, `finishesAt`) VALUES (3, 1, '2019-10-15 22:14:54');
INSERT INTO `auction`(`item_id`, `user_id`, `finishesAt`) VALUES (4, 2, '2020-10-15 22:14:54');
INSERT INTO `auction`(`item_id`, `user_id`, `finishesAt`) VALUES (5, 2, '2019-10-15 22:14:54');
INSERT INTO `auction`(`item_id`, `user_id`, `finishesAt`) VALUES (6, 2, '2020-10-15 22:14:54');